{
  "python": {
    "parser": "tree-sitter-python",
    "files": [
      "D:\\Desktop\\FASTAPI\\LEASING_AI_CHATBOT\\Backend\\database.py",
      "D:\\Desktop\\FASTAPI\\LEASING_AI_CHATBOT\\Backend\\document_processor.py",
      "D:\\Desktop\\FASTAPI\\LEASING_AI_CHATBOT\\Backend\\logger.py",
      "D:\\Desktop\\FASTAPI\\LEASING_AI_CHATBOT\\Backend\\main.py",
      "D:\\Desktop\\FASTAPI\\LEASING_AI_CHATBOT\\Backend\\models.py",
      "D:\\Desktop\\FASTAPI\\LEASING_AI_CHATBOT\\Backend\\routes.py",
      "D:\\Desktop\\FASTAPI\\LEASING_AI_CHATBOT\\Backend\\weaviate_client.py",
      "D:\\Desktop\\FASTAPI\\LEASING_AI_CHATBOT\\Backend\\__init__.py",
      "D:\\Desktop\\FASTAPI\\LEASING_AI_CHATBOT\\Frontend\\api_client.py",
      "D:\\Desktop\\FASTAPI\\LEASING_AI_CHATBOT\\Frontend\\app.py",
      "D:\\Desktop\\FASTAPI\\LEASING_AI_CHATBOT\\Frontend\\chatbot_module.py",
      "D:\\Desktop\\FASTAPI\\LEASING_AI_CHATBOT\\Frontend\\main.py",
      "D:\\Desktop\\FASTAPI\\LEASING_AI_CHATBOT\\Frontend\\sidebar.py",
      "D:\\Desktop\\FASTAPI\\LEASING_AI_CHATBOT\\Frontend\\utils.py"
    ]
  },
  "c": {
    "parser": "tree-sitter-c",
    "files": []
  },
  "javascript": {
    "parser": "tree-sitter-javascript",
    "files": []
  },
  "java": {
    "parser": "tree-sitter-java",
    "files": []
  }
}